<?xml version="1.0" encoding="UTF-8"?>
<project-private xmlns="http://www.netbeans.org/ns/project-private/1">
    <editor-bookmarks xmlns="http://www.netbeans.org/ns/editor-bookmarks/2" lastBookmarkId="0"/>
    <open-files xmlns="http://www.netbeans.org/ns/projectui-open-files/2">
        <group>
            <file>file:/C:/Users/Thoma/Documents/Python%20Programs/DataStructures2101-2/Week%202/Assignment%203%20Chess%20Board/ChessBoard/src/chessboard/ChessBoard.java</file>
            <file>file:/C:/Users/Thoma/Documents/Python%20Programs/DataStructures2101-2/Week%202/Assignment%203%20Chess%20Board/ChessBoard/src/chessboard/Square.java</file>
        </group>
    </open-files>
</project-private>
